Coalition/Party,parlimen,percentage_votes
Barisan Nasional (BN),P.001 Padang Besar,25.95
Barisan Nasional (BN),P.002 Kangar,27.35
Barisan Nasional (BN),P.003 Arau,17.62
Barisan Nasional (BN),P.004 Langkawi,25.16
Barisan Nasional (BN),P.005 Jerlun,21.51
Barisan Nasional (BN),P.006 Kubang Pasu,17.37
Barisan Nasional (BN),P.007 Padang Terap,35.49
Barisan Nasional (BN),P.008 Pokok Sena,16.51
Barisan Nasional (BN),P.009 Alor Setar,11.6
Barisan Nasional (BN),P.010 Kuala Kedah,13.81
Barisan Nasional (BN),P.011 Pendang,23.44
Barisan Nasional (BN),P.012 Jerai,19.77
Barisan Nasional (BN),P.013 Sik,25.06
Barisan Nasional (BN),P.014 Merbok,16.28
Barisan Nasional (BN),P.015 Sungai Petani,21.07
Barisan Nasional (BN),P.016 Baling,32.42
Barisan Nasional (BN),P.017 Padang Serai,3.26
Barisan Nasional (BN),P.018 Kulim-Bandar Baharu,19.72
Barisan Nasional (BN),P.019 Tumpat,29.27
Barisan Nasional (BN),P.020 Pengkalan Chepa,20.14
Barisan Nasional (BN),P.021 Kota Bharu,20.72
Barisan Nasional (BN),P.022 Pasir Mas,21.07
Barisan Nasional (BN),P.023 Rantau Panjang,28.29
Barisan Nasional (BN),P.024 Kubang Kerian,18.19
Barisan Nasional (BN),P.025 Bachok,30.45
Barisan Nasional (BN),P.026 Ketereh,27.74
Barisan Nasional (BN),P.027 Tanah Merah,14.04
Barisan Nasional (BN),P.028 Pasir Puteh,29.43
Barisan Nasional (BN),P.029 Machang,39.08
Barisan Nasional (BN),P.030 Jeli,34.01
Barisan Nasional (BN),P.031 Kuala Krai,27.14
Barisan Nasional (BN),P.032 Gua Musang,44.78
Barisan Nasional (BN),P.033 Besut,36.2
Barisan Nasional (BN),P.034 Setiu,37.41
Barisan Nasional (BN),P.035 Kuala Nerus,30.73
Barisan Nasional (BN),P.036 Kuala Terengganu,22.9
Barisan Nasional (BN),P.037 Marang,28.78
Barisan Nasional (BN),P.038 Hulu Terengganu,37.74
Barisan Nasional (BN),P.039 Dungun,28.07
Barisan Nasional (BN),P.040 Kemaman,34.07
Barisan Nasional (BN),P.041 Kepala Batas,37.14
Barisan Nasional (BN),P.042 Tasek Gelugor,28.11
Barisan Nasional (BN),P.043 Bagan,7.84
Barisan Nasional (BN),P.044 Permatang Pauh,19.41
Barisan Nasional (BN),P.045 Bukit Mertajam,7.53
Barisan Nasional (BN),P.046 Batu Kawan,10.38
Barisan Nasional (BN),P.047 Nibong Tebal,13.44
Barisan Nasional (BN),P.048 Bukit Bendera,8.67
Barisan Nasional (BN),P.049 Tanjong,8.53
Barisan Nasional (BN),P.050 Jelutong,10.45
Barisan Nasional (BN),P.051 Bukit Gelugor,7.87
Barisan Nasional (BN),P.052 Bayan Baru,14.91
Barisan Nasional (BN),P.053 Balik Pulau,24.22
Barisan Nasional (BN),P.054 Gerik,39.66
Barisan Nasional (BN),P.055 Lenggong,45.48
Barisan Nasional (BN),P.056 Larut,32.29
Barisan Nasional (BN),P.057 Parit Buntar,21.91
Barisan Nasional (BN),P.058 Bagan Serai,24.31
Barisan Nasional (BN),P.059 Bukit Gantang,27.76
Barisan Nasional (BN),P.060 Taiping,17.22
Barisan Nasional (BN),P.061 Padang Rengas,33.08
Barisan Nasional (BN),P.062 Sungai Siput,38.32
Barisan Nasional (BN),P.063 Tambun,22.55
Barisan Nasional (BN),P.064 Ipoh Timor,10.74
Barisan Nasional (BN),P.065 Ipoh Barat,9.25
Barisan Nasional (BN),P.066 Batu Gajah,9.06
Barisan Nasional (BN),P.067 Kuala Kangsar,30.25
Barisan Nasional (BN),P.068 Beruas,17.63
Barisan Nasional (BN),P.069 Parit,40.02
Barisan Nasional (BN),P.070 Kampar,27.17
Barisan Nasional (BN),P.071 Gopeng,17.75
Barisan Nasional (BN),P.072 Tapah,41.36
Barisan Nasional (BN),P.073 Pasir Salak,34.89
Barisan Nasional (BN),P.074 Lumut,34.92
Barisan Nasional (BN),P.075 Bagan Datuk,39.61
Barisan Nasional (BN),P.076 Teluk Intan,19.17
Barisan Nasional (BN),P.077 Tanjong Malim,30.09
Barisan Nasional (BN),P.078 Cameron Highlands,48.46
Barisan Nasional (BN),P.079 Lipis,49.29
Barisan Nasional (BN),P.080 Raub,30.12
Barisan Nasional (BN),P.081 Jerantut,35.37
Barisan Nasional (BN),P.082 Indera Mahkota,17.7
Barisan Nasional (BN),P.083 Kuantan,28.21
Barisan Nasional (BN),P.084 Paya Besar,43.4
Barisan Nasional (BN),P.085 Pekan,50.96
Barisan Nasional (BN),P.086 Maran,43.27
Barisan Nasional (BN),P.087 Kuala Krau,44.98
Barisan Nasional (BN),P.088 Temerloh,30.48
Barisan Nasional (BN),P.089 Bentong,36.58
Barisan Nasional (BN),P.090 Bera,53.34
Barisan Nasional (BN),P.091 Rompin,45.05
Barisan Nasional (BN),P.092 Sabak Bernam,31.52
Barisan Nasional (BN),P.093 Sungai Besar,27.38
Barisan Nasional (BN),P.094 Hulu Selangor,22.09
Barisan Nasional (BN),P.095 Tanjong Karang,31.0
Barisan Nasional (BN),P.096 Kuala Selangor,34.73
Barisan Nasional (BN),P.097 Selayang,13.41
Barisan Nasional (BN),P.098 Gombak,18.57
Barisan Nasional (BN),P.099 Ampang,11.02
Barisan Nasional (BN),P.100 Pandan,10.09
Barisan Nasional (BN),P.101 Hulu Langat,23.81
Barisan Nasional (BN),P.102 Bangi,10.51
Barisan Nasional (BN),P.103 Puchong,17.75
Barisan Nasional (BN),P.104 Subang,9.29
Barisan Nasional (BN),P.105 Petaling Jaya,15.94
Barisan Nasional (BN),P.106 Damansara,7.89
Barisan Nasional (BN),P.107 Sungai Buloh,37.22
Barisan Nasional (BN),P.108 Shah Alam,20.82
Barisan Nasional (BN),P.109 Kapar,22.2
Barisan Nasional (BN),P.110 Klang,12.06
Barisan Nasional (BN),P.111 Kota Raja,11.24
Barisan Nasional (BN),P.112 Kuala Langat,15.09
Barisan Nasional (BN),P.113 Sepang,22.54
Barisan Nasional (BN),P.114 Kepong,4.46
Barisan Nasional (BN),P.115 Batu,11.93
Barisan Nasional (BN),P.116 Wangsa Maju,21.13
Barisan Nasional (BN),P.117 Segambut,9.71
Barisan Nasional (BN),P.118 Setiawangsa,21.85
Barisan Nasional (BN),P.119 Titiwangsa,41.15
Barisan Nasional (BN),P.120 Bukit Bintang,9.16
Barisan Nasional (BN),P.121 Lembah Pantai,27.96
Barisan Nasional (BN),P.122 Seputeh,6.9
Barisan Nasional (BN),P.123 Cheras,7.81
Barisan Nasional (BN),P.124 Bandar Tun Razak,17.08
Barisan Nasional (BN),P.125 Putrajaya,37.37
Barisan Nasional (BN),P.126 Jelebu,48.1
Barisan Nasional (BN),P.127 Jempol,41.98
Barisan Nasional (BN),P.128 Seremban,19.94
Barisan Nasional (BN),P.129 Kuala Pilah,44.02
Barisan Nasional (BN),P.130 Rasah,16.25
Barisan Nasional (BN),P.131 Rembau,48.5
Barisan Nasional (BN),P.132 Port Dickson,22.96
Barisan Nasional (BN),P.133 Tampin,38.15
Barisan Nasional (BN),P.134 Masjid Tanah,38.71
Barisan Nasional (BN),P.135 Alor Gajah,37.38
Barisan Nasional (BN),P.136 Tangga Batu,27.27
Barisan Nasional (BN),P.137 Hang Tuah Jaya,32.58
Barisan Nasional (BN),P.138 Kota Melaka,16.79
Barisan Nasional (BN),P.139 Jasin,35.53
Barisan Nasional (BN),P.140 Segamat,35.08
Barisan Nasional (BN),P.141 Sekijang,35.67
Barisan Nasional (BN),P.142 Labis,38.28
Barisan Nasional (BN),P.143 Pagoh,26.52
Barisan Nasional (BN),P.144 Ledang,29.74
Barisan Nasional (BN),P.145 Bakri,23.77
Barisan Nasional (BN),P.146 Muar,27.43
Barisan Nasional (BN),P.147 Parit Sulong,40.89
Barisan Nasional (BN),P.148 Ayer Hitam,40.5
Barisan Nasional (BN),P.149 Sri Gading,31.41
Barisan Nasional (BN),P.150 Batu Pahat,24.43
Barisan Nasional (BN),P.151 Simpang Renggam,41.49
Barisan Nasional (BN),P.152 Kluang,24.47
Barisan Nasional (BN),P.153 Sembrong,55.15
Barisan Nasional (BN),P.154 Mersing,39.93
Barisan Nasional (BN),P.155 Tenggara,41.26
Barisan Nasional (BN),P.156 Kota Tinggi,53.68
Barisan Nasional (BN),P.157 Pengerang,51.96
Barisan Nasional (BN),P.158 Tebrau,18.32
Barisan Nasional (BN),P.159 Pasir Gudang,25.03
Barisan Nasional (BN),P.160 Johor Bahru,28.83
Barisan Nasional (BN),P.161 Pulai,27.05
Barisan Nasional (BN),P.162 Iskandar Puteri,22.47
Barisan Nasional (BN),P.163 Kulai,25.6
Barisan Nasional (BN),P.164 Pontian,40.81
Barisan Nasional (BN),P.165 Tanjung Piai,43.22
Barisan Nasional (BN),P.166 Labuan,26.07
Barisan Nasional (BN),P.169 Kota Belud,38.06
Barisan Nasional (BN),P.171 Sepanggar,28.42
Barisan Nasional (BN),P.173 Putatan,39.36
Barisan Nasional (BN),P.176 Kimanis,41.86
Barisan Nasional (BN),P.177 Beaufort,36.08
Barisan Nasional (BN),P.181 Tenom,30.11
Barisan Nasional (BN),P.182 Pensiangan,52.88
Barisan Nasional (BN),P.183 Beluran,33.1
Barisan Nasional (BN),P.184 Libaran,51.58
Barisan Nasional (BN),P.187 Kinabatangan,57.38
Barisan Nasional (BN),P.188 Lahad Datu,39.11
Barisan Nasional (BN),P.191 Kalabakan,47.68
Democratic Action Party (DAP),P.192 Mas Gading,55.05
Democratic Action Party (DAP),P.195 Bandar Kuching,71.34
Democratic Action Party (DAP),P.196 Stampin,53.3
Democratic Action Party (DAP),P.199 Serian,13.23
Democratic Action Party (DAP),P.208 Sarikei,44.93
Democratic Action Party (DAP),P.211 Lanang,56.89
Democratic Action Party (DAP),P.212 Sibu,47.45
Democratic Action Party (DAP),P.217 Bintulu,30.24
Gabungan Parti Sarawak (GPS),P.192 Mas Gading,37.59
Gabungan Parti Sarawak (GPS),P.193 Santubong,84.42
Gabungan Parti Sarawak (GPS),P.194 Petra Jaya,79.15
Gabungan Parti Sarawak (GPS),P.195 Bandar Kuching,25.89
Gabungan Parti Sarawak (GPS),P.196 Stampin,43.59
Gabungan Parti Sarawak (GPS),P.197 Kota Samarahan,76.71
Gabungan Parti Sarawak (GPS),P.198 Puncak Borneo,57.58
Gabungan Parti Sarawak (GPS),P.199 Serian,57.23
Gabungan Parti Sarawak (GPS),P.200 Batang Sadong,83.18
Gabungan Parti Sarawak (GPS),P.201 Batang Lupar,71.22
Gabungan Parti Sarawak (GPS),P.202 Sri Aman,44.27
Gabungan Parti Sarawak (GPS),P.203 Lubok Antu,34.44
Gabungan Parti Sarawak (GPS),P.204 Betong,61.69
Gabungan Parti Sarawak (GPS),P.205 Saratok,33.71
Gabungan Parti Sarawak (GPS),P.206 Tanjong Manis,86.52
Gabungan Parti Sarawak (GPS),P.207 Igan,93.16
Gabungan Parti Sarawak (GPS),P.208 Sarikei,55.07
Gabungan Parti Sarawak (GPS),P.209 Julau,34.69
Gabungan Parti Sarawak (GPS),P.210 Kanowit,41.07
Gabungan Parti Sarawak (GPS),P.211 Lanang,35.08
Gabungan Parti Sarawak (GPS),P.212 Sibu,35.68
Gabungan Parti Sarawak (GPS),P.213 Mukah,78.23
Gabungan Parti Sarawak (GPS),P.214 Selangau,55.83
Gabungan Parti Sarawak (GPS),P.215 Kapit,75.1
Gabungan Parti Sarawak (GPS),P.216 Hulu Rajang,66.03
Gabungan Parti Sarawak (GPS),P.217 Bintulu,61.73
Gabungan Parti Sarawak (GPS),P.218 Sibuti,65.31
Gabungan Parti Sarawak (GPS),P.219 Miri,42.73
Gabungan Parti Sarawak (GPS),P.220 Baram,61.78
Gabungan Parti Sarawak (GPS),P.221 Limbang,75.25
Gabungan Parti Sarawak (GPS),P.222 Lawas,62.4
Gabungan Rakyat Sabah (GRS),P.167 Kudat,31.83
Gabungan Rakyat Sabah (GRS),P.168 Kota Marudu,32.32
Gabungan Rakyat Sabah (GRS),P.170 Tuaran,42.44
Gabungan Rakyat Sabah (GRS),P.172 Kota Kinabalu,10.41
Gabungan Rakyat Sabah (GRS),P.174 Penampang,13.24
Gabungan Rakyat Sabah (GRS),P.175 Papar,51.99
Gabungan Rakyat Sabah (GRS),P.178 Sipitang,49.75
Gabungan Rakyat Sabah (GRS),P.179 Ranau,53.44
Gabungan Rakyat Sabah (GRS),P.180 Keningau,42.2
Gabungan Rakyat Sabah (GRS),P.185 Batu Sapi,44.95
Gabungan Rakyat Sabah (GRS),P.186 Sandakan,16.35
Gabungan Rakyat Sabah (GRS),P.189 Semporna,20.28
Gabungan Rakyat Sabah (GRS),P.190 Tawau,39.19
Independent (BEBAS),P.001 Padang Besar,4.28
Independent (BEBAS),P.004 Langkawi,0.19
Independent (BEBAS),P.009 Alor Setar,0.15
Independent (BEBAS),P.009 Alor Setar,0.2
Independent (BEBAS),P.017 Padang Serai,0.93
Independent (BEBAS),P.020 Pengkalan Chepa,0.58
Independent (BEBAS),P.021 Kota Bharu,0.12
Independent (BEBAS),P.025 Bachok,0.47
Independent (BEBAS),P.027 Tanah Merah,0.16
Independent (BEBAS),P.039 Dungun,0.33
Independent (BEBAS),P.047 Nibong Tebal,0.71
Independent (BEBAS),P.048 Bukit Bendera,0.48
Independent (BEBAS),P.050 Jelutong,0.68
Independent (BEBAS),P.052 Bayan Baru,0.14
Independent (BEBAS),P.053 Balik Pulau,0.28
Independent (BEBAS),P.053 Balik Pulau,0.57
Independent (BEBAS),P.060 Taiping,0.28
Independent (BEBAS),P.060 Taiping,0.13
Independent (BEBAS),P.060 Taiping,1.36
Independent (BEBAS),P.062 Sungai Siput,1.19
Independent (BEBAS),P.062 Sungai Siput,1.16
Independent (BEBAS),P.062 Sungai Siput,0.07
Independent (BEBAS),P.065 Ipoh Barat,0.48
Independent (BEBAS),P.072 Tapah,0.22
Independent (BEBAS),P.075 Bagan Datuk,0.54
Independent (BEBAS),P.077 Tanjong Malim,1.48
Independent (BEBAS),P.077 Tanjong Malim,0.47
Independent (BEBAS),P.085 Pekan,0.39
Independent (BEBAS),P.086 Maran,0.4
Independent (BEBAS),P.089 Bentong,0.25
Independent (BEBAS),P.089 Bentong,1.2
Independent (BEBAS),P.091 Rompin,0.61
Independent (BEBAS),P.094 Hulu Selangor,0.36
Independent (BEBAS),P.095 Tanjong Karang,2.75
Independent (BEBAS),P.097 Selayang,0.65
Independent (BEBAS),P.098 Gombak,0.41
Independent (BEBAS),P.099 Ampang,0.14
Independent (BEBAS),P.099 Ampang,0.18
Independent (BEBAS),P.099 Ampang,0.09
Independent (BEBAS),P.101 Hulu Langat,0.24
Independent (BEBAS),P.102 Bangi,0.28
Independent (BEBAS),P.102 Bangi,0.16
Independent (BEBAS),P.102 Bangi,0.08
Independent (BEBAS),P.103 Puchong,1.48
Independent (BEBAS),P.105 Petaling Jaya,0.32
Independent (BEBAS),P.107 Sungai Buloh,0.09
Independent (BEBAS),P.107 Sungai Buloh,0.13
Independent (BEBAS),P.109 Kapar,0.3
Independent (BEBAS),P.110 Klang,1.84
Independent (BEBAS),P.110 Klang,0.27
Independent (BEBAS),P.111 Kota Raja,0.08
Independent (BEBAS),P.111 Kota Raja,0.11
Independent (BEBAS),P.111 Kota Raja,0.05
Independent (BEBAS),P.112 Kuala Langat,0.41
Independent (BEBAS),P.113 Sepang,0.23
Independent (BEBAS),P.113 Sepang,0.14
Independent (BEBAS),P.114 Kepong,2.02
Independent (BEBAS),P.115 Batu,0.75
Independent (BEBAS),P.115 Batu,5.28
Independent (BEBAS),P.115 Batu,0.13
Independent (BEBAS),P.115 Batu,0.72
Independent (BEBAS),P.116 Wangsa Maju,0.23
Independent (BEBAS),P.118 Setiawangsa,0.38
Independent (BEBAS),P.118 Setiawangsa,0.66
Independent (BEBAS),P.122 Seputeh,0.99
Independent (BEBAS),P.122 Seputeh,1.46
Independent (BEBAS),P.125 Putrajaya,0.17
Independent (BEBAS),P.125 Putrajaya,0.05
Independent (BEBAS),P.128 Seremban,0.3
Independent (BEBAS),P.132 Port Dickson,0.55
Independent (BEBAS),P.136 Tangga Batu,0.29
Independent (BEBAS),P.138 Kota Melaka,0.75
Independent (BEBAS),P.144 Ledang,0.09
Independent (BEBAS),P.144 Ledang,0.17
Independent (BEBAS),P.145 Bakri,2.6
Independent (BEBAS),P.152 Kluang,0.42
Independent (BEBAS),P.154 Mersing,0.19
Independent (BEBAS),P.167 Kudat,36.19
Independent (BEBAS),P.168 Kota Marudu,1.32
Independent (BEBAS),P.170 Tuaran,0.67
Independent (BEBAS),P.170 Tuaran,3.45
Independent (BEBAS),P.172 Kota Kinabalu,0.31
Independent (BEBAS),P.174 Penampang,0.57
Independent (BEBAS),P.175 Papar,0.53
Independent (BEBAS),P.175 Papar,0.77
Independent (BEBAS),P.177 Beaufort,0.49
Independent (BEBAS),P.177 Beaufort,1.86
Independent (BEBAS),P.181 Tenom,35.0
Independent (BEBAS),P.181 Tenom,0.3
Independent (BEBAS),P.184 Libaran,1.48
Independent (BEBAS),P.185 Batu Sapi,0.59
Independent (BEBAS),P.186 Sandakan,7.57
Independent (BEBAS),P.186 Sandakan,3.11
Independent (BEBAS),P.186 Sandakan,0.8
Independent (BEBAS),P.190 Tawau,1.28
Independent (BEBAS),P.190 Tawau,3.5
Independent (BEBAS),P.191 Kalabakan,0.68
Independent (BEBAS),P.193 Santubong,5.81
Independent (BEBAS),P.199 Serian,15.46
Independent (BEBAS),P.202 Sri Aman,17.77
Independent (BEBAS),P.204 Betong,18.93
Independent (BEBAS),P.209 Julau,23.18
Independent (BEBAS),P.210 Kanowit,2.37
Independent (BEBAS),P.210 Kanowit,4.11
Independent (BEBAS),P.210 Kanowit,12.69
Independent (BEBAS),P.211 Lanang,1.11
Independent (BEBAS),P.214 Selangau,5.65
Independent (BEBAS),P.220 Baram,1.09
Malaysian United Democratic Alliance (MUDA),P.041 Kepala Batas,20.51
Malaysian United Democratic Alliance (MUDA),P.095 Tanjong Karang,24.05
Malaysian United Democratic Alliance (MUDA),P.134 Masjid Tanah,13.6
Malaysian United Democratic Alliance (MUDA),P.146 Muar,37.55
Malaysian United Democratic Alliance (MUDA),P.165 Tanjung Piai,31.57
Malaysian United Democratic Alliance (MUDA),P.168 Kota Marudu,6.46
Pakatan Harapan (PH),P.001 Padang Besar,15.64
Pakatan Harapan (PH),P.002 Kangar,26.94
Pakatan Harapan (PH),P.003 Arau,15.15
Pakatan Harapan (PH),P.004 Langkawi,11.41
Pakatan Harapan (PH),P.005 Jerlun,11.78
Pakatan Harapan (PH),P.006 Kubang Pasu,19.18
Pakatan Harapan (PH),P.007 Padang Terap,5.56
Pakatan Harapan (PH),P.008 Pokok Sena,23.34
Pakatan Harapan (PH),P.009 Alor Setar,35.79
Pakatan Harapan (PH),P.010 Kuala Kedah,28.1
Pakatan Harapan (PH),P.011 Pendang,10.66
Pakatan Harapan (PH),P.012 Jerai,18.94
Pakatan Harapan (PH),P.013 Sik,7.3
Pakatan Harapan (PH),P.014 Merbok,30.77
Pakatan Harapan (PH),P.015 Sungai Petani,38.91
Pakatan Harapan (PH),P.016 Baling,7.92
Pakatan Harapan (PH),P.017 Padang Serai,38.7
Pakatan Harapan (PH),P.018 Kulim-Bandar Baharu,30.44
Pakatan Harapan (PH),P.019 Tumpat,7.42
Pakatan Harapan (PH),P.020 Pengkalan Chepa,9.46
Pakatan Harapan (PH),P.021 Kota Bharu,24.68
Pakatan Harapan (PH),P.022 Pasir Mas,9.88
Pakatan Harapan (PH),P.023 Rantau Panjang,7.03
Pakatan Harapan (PH),P.024 Kubang Kerian,12.58
Pakatan Harapan (PH),P.025 Bachok,4.88
Pakatan Harapan (PH),P.026 Ketereh,7.42
Pakatan Harapan (PH),P.027 Tanah Merah,7.69
Pakatan Harapan (PH),P.028 Pasir Puteh,4.77
Pakatan Harapan (PH),P.029 Machang,6.04
Pakatan Harapan (PH),P.030 Jeli,2.65
Pakatan Harapan (PH),P.031 Kuala Krai,6.41
Pakatan Harapan (PH),P.032 Gua Musang,9.34
Pakatan Harapan (PH),P.033 Besut,5.08
Pakatan Harapan (PH),P.034 Setiu,2.5
Pakatan Harapan (PH),P.035 Kuala Nerus,4.23
Pakatan Harapan (PH),P.036 Kuala Terengganu,11.34
Pakatan Harapan (PH),P.037 Marang,3.8
Pakatan Harapan (PH),P.038 Hulu Terengganu,2.42
Pakatan Harapan (PH),P.039 Dungun,5.81
Pakatan Harapan (PH),P.040 Kemaman,7.37
Pakatan Harapan (PH),P.042 Tasek Gelugor,24.66
Pakatan Harapan (PH),P.043 Bagan,81.27
Pakatan Harapan (PH),P.044 Permatang Pauh,37.01
Pakatan Harapan (PH),P.045 Bukit Mertajam,77.33
Pakatan Harapan (PH),P.046 Batu Kawan,73.72
Pakatan Harapan (PH),P.047 Nibong Tebal,53.2
Pakatan Harapan (PH),P.048 Bukit Bendera,78.98
Pakatan Harapan (PH),P.049 Tanjong,84.83
Pakatan Harapan (PH),P.050 Jelutong,71.24
Pakatan Harapan (PH),P.051 Bukit Gelugor,82.73
Pakatan Harapan (PH),P.052 Bayan Baru,61.54
Pakatan Harapan (PH),P.053 Balik Pulau,38.43
Pakatan Harapan (PH),P.054 Gerik,16.7
Pakatan Harapan (PH),P.055 Lenggong,12.22
Pakatan Harapan (PH),P.056 Larut,11.97
Pakatan Harapan (PH),P.057 Parit Buntar,33.7
Pakatan Harapan (PH),P.058 Bagan Serai,21.1
Pakatan Harapan (PH),P.059 Bukit Gantang,25.94
Pakatan Harapan (PH),P.060 Taiping,55.56
Pakatan Harapan (PH),P.061 Padang Rengas,23.64
Pakatan Harapan (PH),P.062 Sungai Siput,41.89
Pakatan Harapan (PH),P.063 Tambun,39.77
Pakatan Harapan (PH),P.064 Ipoh Timor,72.13
Pakatan Harapan (PH),P.065 Ipoh Barat,81.57
Pakatan Harapan (PH),P.066 Batu Gajah,81.38
Pakatan Harapan (PH),P.067 Kuala Kangsar,28.96
Pakatan Harapan (PH),P.068 Beruas,64.72
Pakatan Harapan (PH),P.069 Parit,13.49
Pakatan Harapan (PH),P.070 Kampar,51.3
Pakatan Harapan (PH),P.071 Gopeng,53.92
Pakatan Harapan (PH),P.072 Tapah,29.98
Pakatan Harapan (PH),P.073 Pasir Salak,20.51
Pakatan Harapan (PH),P.074 Lumut,28.61
Pakatan Harapan (PH),P.075 Bagan Datuk,38.78
Pakatan Harapan (PH),P.076 Teluk Intan,51.61
Pakatan Harapan (PH),P.077 Tanjong Malim,36.08
Pakatan Harapan (PH),P.078 Cameron Highlands,34.8
Pakatan Harapan (PH),P.079 Lipis,17.75
Pakatan Harapan (PH),P.080 Raub,38.43
Pakatan Harapan (PH),P.081 Jerantut,17.14
Pakatan Harapan (PH),P.082 Indera Mahkota,35.65
Pakatan Harapan (PH),P.083 Kuantan,33.42
Pakatan Harapan (PH),P.084 Paya Besar,14.83
Pakatan Harapan (PH),P.085 Pekan,6.79
Pakatan Harapan (PH),P.086 Maran,8.63
Pakatan Harapan (PH),P.087 Kuala Krau,7.52
Pakatan Harapan (PH),P.088 Temerloh,30.75
Pakatan Harapan (PH),P.089 Bentong,37.62
Pakatan Harapan (PH),P.090 Bera,25.3
Pakatan Harapan (PH),P.091 Rompin,7.14
Pakatan Harapan (PH),P.092 Sabak Bernam,23.49
Pakatan Harapan (PH),P.093 Sungai Besar,33.42
Pakatan Harapan (PH),P.094 Hulu Selangor,36.97
Pakatan Harapan (PH),P.096 Kuala Selangor,35.88
Pakatan Harapan (PH),P.097 Selayang,50.23
Pakatan Harapan (PH),P.098 Gombak,43.69
Pakatan Harapan (PH),P.099 Ampang,54.35
Pakatan Harapan (PH),P.100 Pandan,63.98
Pakatan Harapan (PH),P.101 Hulu Langat,42.68
Pakatan Harapan (PH),P.102 Bangi,57.95
Pakatan Harapan (PH),P.103 Puchong,65.67
Pakatan Harapan (PH),P.104 Subang,77.68
Pakatan Harapan (PH),P.105 Petaling Jaya,57.12
Pakatan Harapan (PH),P.106 Damansara,81.67
Pakatan Harapan (PH),P.107 Sungai Buloh,39.3
Pakatan Harapan (PH),P.108 Shah Alam,45.23
Pakatan Harapan (PH),P.109 Kapar,34.15
Pakatan Harapan (PH),P.110 Klang,70.49
Pakatan Harapan (PH),P.111 Kota Raja,62.36
Pakatan Harapan (PH),P.112 Kuala Langat,41.2
Pakatan Harapan (PH),P.113 Sepang,40.78
Pakatan Harapan (PH),P.114 Kepong,88.92
Pakatan Harapan (PH),P.115 Batu,52.46
Pakatan Harapan (PH),P.116 Wangsa Maju,49.63
Pakatan Harapan (PH),P.117 Segambut,80.05
Pakatan Harapan (PH),P.118 Setiawangsa,46.06
Pakatan Harapan (PH),P.119 Titiwangsa,33.54
Pakatan Harapan (PH),P.120 Bukit Bintang,82.79
Pakatan Harapan (PH),P.121 Lembah Pantai,46.09
Pakatan Harapan (PH),P.122 Seputeh,83.74
Pakatan Harapan (PH),P.123 Cheras,84.04
Pakatan Harapan (PH),P.124 Bandar Tun Razak,46.74
Pakatan Harapan (PH),P.125 Putrajaya,16.34
Pakatan Harapan (PH),P.126 Jelebu,30.18
Pakatan Harapan (PH),P.127 Jempol,33.82
Pakatan Harapan (PH),P.128 Seremban,51.84
Pakatan Harapan (PH),P.129 Kuala Pilah,30.7
Pakatan Harapan (PH),P.130 Rasah,68.04
Pakatan Harapan (PH),P.131 Rembau,30.32
Pakatan Harapan (PH),P.132 Port Dickson,52.4
Pakatan Harapan (PH),P.133 Tampin,36.06
Pakatan Harapan (PH),P.135 Alor Gajah,38.6
Pakatan Harapan (PH),P.136 Tangga Batu,31.03
Pakatan Harapan (PH),P.137 Hang Tuah Jaya,41.72
Pakatan Harapan (PH),P.138 Kota Melaka,60.07
Pakatan Harapan (PH),P.139 Jasin,27.93
Pakatan Harapan (PH),P.140 Segamat,46.27
Pakatan Harapan (PH),P.141 Sekijang,39.27
Pakatan Harapan (PH),P.142 Labis,46.43
Pakatan Harapan (PH),P.143 Pagoh,27.54
Pakatan Harapan (PH),P.144 Ledang,41.9
Pakatan Harapan (PH),P.145 Bakri,50.09
Pakatan Harapan (PH),P.147 Parit Sulong,21.44
Pakatan Harapan (PH),P.148 Ayer Hitam,34.16
Pakatan Harapan (PH),P.149 Sri Gading,37.94
Pakatan Harapan (PH),P.150 Batu Pahat,45.47
Pakatan Harapan (PH),P.151 Simpang Renggam,37.37
Pakatan Harapan (PH),P.152 Kluang,52.08
Pakatan Harapan (PH),P.153 Sembrong,28.57
Pakatan Harapan (PH),P.154 Mersing,14.52
Pakatan Harapan (PH),P.155 Tenggara,22.63
Pakatan Harapan (PH),P.156 Kota Tinggi,10.36
Pakatan Harapan (PH),P.157 Pengerang,8.06
Pakatan Harapan (PH),P.158 Tebrau,49.99
Pakatan Harapan (PH),P.159 Pasir Gudang,47.72
Pakatan Harapan (PH),P.160 Johor Bahru,45.82
Pakatan Harapan (PH),P.161 Pulai,55.33
Pakatan Harapan (PH),P.162 Iskandar Puteri,59.15
Pakatan Harapan (PH),P.163 Kulai,56.86
Pakatan Harapan (PH),P.164 Pontian,27.97
Pakatan Harapan (PH),P.166 Labuan,18.65
Pakatan Harapan (PH),P.167 Kudat,10.48
Pakatan Harapan (PH),P.169 Kota Belud,15.4
Pakatan Harapan (PH),P.170 Tuaran,42.84
Pakatan Harapan (PH),P.171 Sepanggar,38.44
Pakatan Harapan (PH),P.172 Kota Kinabalu,71.08
Pakatan Harapan (PH),P.173 Putatan,39.06
Pakatan Harapan (PH),P.174 Penampang,57.3
Pakatan Harapan (PH),P.175 Papar,21.02
Pakatan Harapan (PH),P.176 Kimanis,12.65
Pakatan Harapan (PH),P.177 Beaufort,26.74
Pakatan Harapan (PH),P.178 Sipitang,16.63
Pakatan Harapan (PH),P.179 Ranau,27.22
Pakatan Harapan (PH),P.180 Keningau,27.52
Pakatan Harapan (PH),P.181 Tenom,31.13
Pakatan Harapan (PH),P.182 Pensiangan,38.29
Pakatan Harapan (PH),P.183 Beluran,15.2
Pakatan Harapan (PH),P.184 Libaran,23.24
Pakatan Harapan (PH),P.185 Batu Sapi,27.11
Pakatan Harapan (PH),P.186 Sandakan,53.92
Pakatan Harapan (PH),P.188 Lahad Datu,14.26
Pakatan Harapan (PH),P.189 Semporna,4.75
Pakatan Harapan (PH),P.190 Tawau,31.69
Pakatan Harapan (PH),P.191 Kalabakan,18.78
Pakatan Harapan (PH),P.193 Santubong,9.76
Pakatan Harapan (PH),P.194 Petra Jaya,19.35
Pakatan Harapan (PH),P.197 Kota Samarahan,23.29
Pakatan Harapan (PH),P.198 Puncak Borneo,31.51
Pakatan Harapan (PH),P.200 Batang Sadong,16.82
Pakatan Harapan (PH),P.201 Batang Lupar,10.04
Pakatan Harapan (PH),P.202 Sri Aman,6.33
Pakatan Harapan (PH),P.203 Lubok Antu,3.87
Pakatan Harapan (PH),P.204 Betong,19.38
Pakatan Harapan (PH),P.205 Saratok,3.96
Pakatan Harapan (PH),P.206 Tanjong Manis,13.48
Pakatan Harapan (PH),P.207 Igan,6.84
Pakatan Harapan (PH),P.210 Kanowit,39.77
Pakatan Harapan (PH),P.213 Mukah,21.77
Pakatan Harapan (PH),P.214 Selangau,38.52
Pakatan Harapan (PH),P.215 Kapit,18.73
Pakatan Harapan (PH),P.216 Hulu Rajang,33.97
Pakatan Harapan (PH),P.218 Sibuti,30.68
Pakatan Harapan (PH),P.219 Miri,50.61
Pakatan Harapan (PH),P.220 Baram,37.14
Pakatan Harapan (PH),P.221 Limbang,24.75
Pakatan Harapan (PH),P.222 Lawas,6.39
Parti Bangsa Malaysia (PBM),P.094 Hulu Selangor,0.83
Parti Bangsa Malaysia (PBM),P.099 Ampang,4.39
Parti Bangsa Malaysia (PBM),P.109 Kapar,0.93
Parti Bangsa Malaysia (PBM),P.166 Labuan,0.71
Parti Bangsa Malaysia (PBM),P.209 Julau,40.64
Parti Bansa Dayak Sarawak (PBDS),P.209 Julau,1.49
Parti Bansa Dayak Sarawak (PBDS),P.215 Kapit,6.17
Parti Bansa Dayak Sarawak (PBDS),P.218 Sibuti,4.01
Parti Bumiputera Perkasa Malaysia (PUTRA),P.019 Tumpat,0.57
Parti Bumiputera Perkasa Malaysia (PUTRA),P.021 Kota Bharu,0.68
Parti Bumiputera Perkasa Malaysia (PUTRA),P.022 Pasir Mas,0.83
Parti Bumiputera Perkasa Malaysia (PUTRA),P.023 Rantau Panjang,2.01
Parti Bumiputera Perkasa Malaysia (PUTRA),P.025 Bachok,0.31
Parti Bumiputera Perkasa Malaysia (PUTRA),P.026 Ketereh,0.35
Parti Bumiputera Perkasa Malaysia (PUTRA),P.027 Tanah Merah,0.24
Parti Bumiputera Perkasa Malaysia (PUTRA),P.029 Machang,0.2
Parti Bumiputera Perkasa Malaysia (PUTRA),P.030 Jeli,0.31
Parti Islam Se-Malaysia (PAS),P.019 Tumpat,62.51
Parti Islam Se-Malaysia (PAS),P.020 Pengkalan Chepa,69.36
Parti Islam Se-Malaysia (PAS),P.021 Kota Bharu,53.67
Parti Islam Se-Malaysia (PAS),P.022 Pasir Mas,68.21
Parti Islam Se-Malaysia (PAS),P.023 Rantau Panjang,62.38
Parti Islam Se-Malaysia (PAS),P.024 Kubang Kerian,68.38
Parti Islam Se-Malaysia (PAS),P.025 Bachok,63.89
Parti Islam Se-Malaysia (PAS),P.026 Ketereh,64.49
Parti Islam Se-Malaysia (PAS),P.027 Tanah Merah,77.87
Parti Islam Se-Malaysia (PAS),P.028 Pasir Puteh,65.37
Parti Islam Se-Malaysia (PAS),P.029 Machang,54.68
Parti Islam Se-Malaysia (PAS),P.030 Jeli,63.03
Parti Islam Se-Malaysia (PAS),P.031 Kuala Krai,66.08
Parti Islam Se-Malaysia (PAS),P.032 Gua Musang,45.12
Parti Islam Se-Malaysia (PAS),P.033 Besut,58.07
Parti Islam Se-Malaysia (PAS),P.034 Setiu,59.85
Parti Islam Se-Malaysia (PAS),P.035 Kuala Nerus,64.7
Parti Islam Se-Malaysia (PAS),P.036 Kuala Terengganu,65.27
Parti Islam Se-Malaysia (PAS),P.037 Marang,67.04
Parti Islam Se-Malaysia (PAS),P.038 Hulu Terengganu,59.59
Parti Islam Se-Malaysia (PAS),P.039 Dungun,65.43
Parti Islam Se-Malaysia (PAS),P.040 Kemaman,58.11
Parti Kesejahteraan Demokratik Masyarakat (KDM),P.168 Kota Marudu,48.69
Parti Kesejahteraan Demokratik Masyarakat (KDM),P.171 Sepanggar,5.66
Parti Kesejahteraan Demokratik Masyarakat (KDM),P.172 Kota Kinabalu,1.03
Parti Kesejahteraan Demokratik Masyarakat (KDM),P.176 Kimanis,12.92
Parti Kesejahteraan Demokratik Masyarakat (KDM),P.177 Beaufort,27.48
Parti Kesejahteraan Demokratik Masyarakat (KDM),P.180 Keningau,17.49
Parti Kesejahteraan Demokratik Masyarakat (KDM),P.182 Pensiangan,4.42
Parti Pejuang Tanah Air (PEJUANG),P.002 Kangar,1.26
Parti Pejuang Tanah Air (PEJUANG),P.004 Langkawi,9.62
Parti Pejuang Tanah Air (PEJUANG),P.005 Jerlun,6.02
Parti Pejuang Tanah Air (PEJUANG),P.006 Kubang Pasu,6.39
Parti Pejuang Tanah Air (PEJUANG),P.007 Padang Terap,0.93
Parti Pejuang Tanah Air (PEJUANG),P.009 Alor Setar,3.1
Parti Pejuang Tanah Air (PEJUANG),P.010 Kuala Kedah,1.8
Parti Pejuang Tanah Air (PEJUANG),P.011 Pendang,1.07
Parti Pejuang Tanah Air (PEJUANG),P.012 Jerai,1.18
Parti Pejuang Tanah Air (PEJUANG),P.014 Merbok,1.17
Parti Pejuang Tanah Air (PEJUANG),P.015 Sungai Petani,1.8
Parti Pejuang Tanah Air (PEJUANG),P.016 Baling,0.53
Parti Pejuang Tanah Air (PEJUANG),P.017 Padang Serai,0.46
Parti Pejuang Tanah Air (PEJUANG),P.018 Kulim-Bandar Baharu,0.84
Parti Pejuang Tanah Air (PEJUANG),P.020 Pengkalan Chepa,0.46
Parti Pejuang Tanah Air (PEJUANG),P.024 Kubang Kerian,0.84
Parti Pejuang Tanah Air (PEJUANG),P.028 Pasir Puteh,0.43
Parti Pejuang Tanah Air (PEJUANG),P.031 Kuala Krai,0.37
Parti Pejuang Tanah Air (PEJUANG),P.032 Gua Musang,0.77
Parti Pejuang Tanah Air (PEJUANG),P.033 Besut,0.65
Parti Pejuang Tanah Air (PEJUANG),P.034 Setiu,0.24
Parti Pejuang Tanah Air (PEJUANG),P.035 Kuala Nerus,0.33
Parti Pejuang Tanah Air (PEJUANG),P.036 Kuala Terengganu,0.5
Parti Pejuang Tanah Air (PEJUANG),P.037 Marang,0.39
Parti Pejuang Tanah Air (PEJUANG),P.038 Hulu Terengganu,0.25
Parti Pejuang Tanah Air (PEJUANG),P.039 Dungun,0.35
Parti Pejuang Tanah Air (PEJUANG),P.040 Kemaman,0.45
Parti Pejuang Tanah Air (PEJUANG),P.041 Kepala Batas,1.08
Parti Pejuang Tanah Air (PEJUANG),P.042 Tasek Gelugor,0.6
Parti Pejuang Tanah Air (PEJUANG),P.043 Bagan,1.93
Parti Pejuang Tanah Air (PEJUANG),P.044 Permatang Pauh,0.54
Parti Pejuang Tanah Air (PEJUANG),P.053 Balik Pulau,0.53
Parti Pejuang Tanah Air (PEJUANG),P.056 Larut,1.09
Parti Pejuang Tanah Air (PEJUANG),P.057 Parit Buntar,0.49
Parti Pejuang Tanah Air (PEJUANG),P.058 Bagan Serai,0.61
Parti Pejuang Tanah Air (PEJUANG),P.059 Bukit Gantang,0.71
Parti Pejuang Tanah Air (PEJUANG),P.062 Sungai Siput,1.52
Parti Pejuang Tanah Air (PEJUANG),P.063 Tambun,0.89
Parti Pejuang Tanah Air (PEJUANG),P.067 Kuala Kangsar,0.57
Parti Pejuang Tanah Air (PEJUANG),P.069 Parit,0.73
Parti Pejuang Tanah Air (PEJUANG),P.072 Tapah,0.75
Parti Pejuang Tanah Air (PEJUANG),P.073 Pasir Salak,0.95
Parti Pejuang Tanah Air (PEJUANG),P.074 Lumut,0.54
Parti Pejuang Tanah Air (PEJUANG),P.076 Teluk Intan,1.24
Parti Pejuang Tanah Air (PEJUANG),P.077 Tanjong Malim,0.87
Parti Pejuang Tanah Air (PEJUANG),P.079 Lipis,0.73
Parti Pejuang Tanah Air (PEJUANG),P.080 Raub,0.76
Parti Pejuang Tanah Air (PEJUANG),P.082 Indera Mahkota,2.0
Parti Pejuang Tanah Air (PEJUANG),P.083 Kuantan,0.72
Parti Pejuang Tanah Air (PEJUANG),P.084 Paya Besar,0.5
Parti Pejuang Tanah Air (PEJUANG),P.085 Pekan,0.51
Parti Pejuang Tanah Air (PEJUANG),P.087 Kuala Krau,0.36
Parti Pejuang Tanah Air (PEJUANG),P.088 Temerloh,1.34
Parti Pejuang Tanah Air (PEJUANG),P.092 Sabak Bernam,1.12
Parti Pejuang Tanah Air (PEJUANG),P.093 Sungai Besar,0.44
Parti Pejuang Tanah Air (PEJUANG),P.094 Hulu Selangor,1.51
Parti Pejuang Tanah Air (PEJUANG),P.095 Tanjong Karang,6.95
Parti Pejuang Tanah Air (PEJUANG),P.096 Kuala Selangor,2.06
Parti Pejuang Tanah Air (PEJUANG),P.097 Selayang,1.78
Parti Pejuang Tanah Air (PEJUANG),P.098 Gombak,1.34
Parti Pejuang Tanah Air (PEJUANG),P.099 Ampang,2.54
Parti Pejuang Tanah Air (PEJUANG),P.100 Pandan,0.83
Parti Pejuang Tanah Air (PEJUANG),P.101 Hulu Langat,1.21
Parti Pejuang Tanah Air (PEJUANG),P.102 Bangi,1.29
Parti Pejuang Tanah Air (PEJUANG),P.105 Petaling Jaya,2.78
Parti Pejuang Tanah Air (PEJUANG),P.107 Sungai Buloh,0.64
Parti Pejuang Tanah Air (PEJUANG),P.108 Shah Alam,2.05
Parti Pejuang Tanah Air (PEJUANG),P.109 Kapar,0.64
Parti Pejuang Tanah Air (PEJUANG),P.111 Kota Raja,1.04
Parti Pejuang Tanah Air (PEJUANG),P.112 Kuala Langat,0.48
Parti Pejuang Tanah Air (PEJUANG),P.113 Sepang,1.69
Parti Pejuang Tanah Air (PEJUANG),P.115 Batu,0.97
Parti Pejuang Tanah Air (PEJUANG),P.116 Wangsa Maju,1.06
Parti Pejuang Tanah Air (PEJUANG),P.118 Setiawangsa,1.27
Parti Pejuang Tanah Air (PEJUANG),P.119 Titiwangsa,1.46
Parti Pejuang Tanah Air (PEJUANG),P.121 Lembah Pantai,1.06
Parti Pejuang Tanah Air (PEJUANG),P.125 Putrajaya,2.4
Parti Pejuang Tanah Air (PEJUANG),P.126 Jelebu,0.56
Parti Pejuang Tanah Air (PEJUANG),P.127 Jempol,0.91
Parti Pejuang Tanah Air (PEJUANG),P.128 Seremban,1.08
Parti Pejuang Tanah Air (PEJUANG),P.129 Kuala Pilah,0.83
Parti Pejuang Tanah Air (PEJUANG),P.131 Rembau,0.48
Parti Pejuang Tanah Air (PEJUANG),P.132 Port Dickson,1.35
Parti Pejuang Tanah Air (PEJUANG),P.133 Tampin,1.28
Parti Pejuang Tanah Air (PEJUANG),P.134 Masjid Tanah,0.93
Parti Pejuang Tanah Air (PEJUANG),P.135 Alor Gajah,0.44
Parti Pejuang Tanah Air (PEJUANG),P.136 Tangga Batu,0.76
Parti Pejuang Tanah Air (PEJUANG),P.137 Hang Tuah Jaya,0.78
Parti Pejuang Tanah Air (PEJUANG),P.139 Jasin,0.59
Parti Pejuang Tanah Air (PEJUANG),P.140 Segamat,2.1
Parti Pejuang Tanah Air (PEJUANG),P.141 Sekijang,0.29
Parti Pejuang Tanah Air (PEJUANG),P.144 Ledang,0.33
Parti Pejuang Tanah Air (PEJUANG),P.149 Sri Gading,0.5
Parti Pejuang Tanah Air (PEJUANG),P.150 Batu Pahat,0.41
Parti Pejuang Tanah Air (PEJUANG),P.151 Simpang Renggam,0.57
Parti Pejuang Tanah Air (PEJUANG),P.154 Mersing,0.45
Parti Pejuang Tanah Air (PEJUANG),P.155 Tenggara,0.69
Parti Pejuang Tanah Air (PEJUANG),P.159 Pasir Gudang,0.67
Parti Pejuang Tanah Air (PEJUANG),P.160 Johor Bahru,1.97
Parti Pejuang Tanah Air (PEJUANG),P.164 Pontian,0.54
Parti Pejuang Tanah Air (PEJUANG),P.166 Labuan,0.32
Parti Pejuang Tanah Air (PEJUANG),P.167 Kudat,0.63
Parti Pejuang Tanah Air (PEJUANG),P.168 Kota Marudu,0.56
Parti Pejuang Tanah Air (PEJUANG),P.170 Tuaran,0.76
Parti Pejuang Tanah Air (PEJUANG),P.171 Sepanggar,1.04
Parti Pejuang Tanah Air (PEJUANG),P.173 Putatan,0.96
Parti Pejuang Tanah Air (PEJUANG),P.175 Papar,1.8
Parti Pejuang Tanah Air (PEJUANG),P.176 Kimanis,0.49
Parti Pejuang Tanah Air (PEJUANG),P.179 Ranau,3.0
Parti Pejuang Tanah Air (PEJUANG),P.182 Pensiangan,0.33
Parti Pejuang Tanah Air (PEJUANG),P.183 Beluran,0.53
Parti Pejuang Tanah Air (PEJUANG),P.184 Libaran,1.85
Parti Pejuang Tanah Air (PEJUANG),P.185 Batu Sapi,0.65
Parti Pejuang Tanah Air (PEJUANG),P.189 Semporna,1.2
Parti Pejuang Tanah Air (PEJUANG),P.190 Tawau,2.11
Parti Pejuang Tanah Air (PEJUANG),P.191 Kalabakan,3.36
Parti Rakyat Malaysia (PRM),P.015 Sungai Petani,0.17
Parti Rakyat Malaysia (PRM),P.021 Kota Bharu,0.14
Parti Rakyat Malaysia (PRM),P.023 Rantau Panjang,0.29
Parti Rakyat Malaysia (PRM),P.046 Batu Kawan,0.22
Parti Rakyat Malaysia (PRM),P.048 Bukit Bendera,1.08
Parti Rakyat Malaysia (PRM),P.050 Jelutong,0.37
Parti Rakyat Malaysia (PRM),P.052 Bayan Baru,0.28
Parti Rakyat Malaysia (PRM),P.102 Bangi,0.31
Parti Rakyat Malaysia (PRM),P.105 Petaling Jaya,1.4
Parti Rakyat Malaysia (PRM),P.107 Sungai Buloh,0.22
Parti Rakyat Malaysia (PRM),P.110 Klang,0.17
Parti Rakyat Malaysia (PRM),P.111 Kota Raja,0.18
Parti Rakyat Malaysia (PRM),P.112 Kuala Langat,0.14
Parti Rakyat Malaysia (PRM),P.113 Sepang,0.12
Parti Rakyat Malaysia (PRM),P.115 Batu,0.16
Parti Rakyat Malaysia (PRM),P.150 Batu Pahat,0.26
Parti Sarawak Bersatu (PSB),P.195 Bandar Kuching,2.77
Parti Sarawak Bersatu (PSB),P.196 Stampin,3.11
Parti Sarawak Bersatu (PSB),P.198 Puncak Borneo,10.9
Parti Sarawak Bersatu (PSB),P.199 Serian,14.08
Parti Sarawak Bersatu (PSB),P.202 Sri Aman,31.62
Parti Sarawak Bersatu (PSB),P.203 Lubok Antu,33.92
Parti Sarawak Bersatu (PSB),P.211 Lanang,6.92
Parti Sarawak Bersatu (PSB),P.212 Sibu,16.88
Parti Sarawak Bersatu (PSB),P.219 Miri,6.67
Parti Sarawak Bersatu (PSB),P.222 Lawas,31.22
Parti Warisan (WARISAN),P.001 Padang Besar,0.54
Parti Warisan (WARISAN),P.002 Kangar,0.74
Parti Warisan (WARISAN),P.008 Pokok Sena,0.71
Parti Warisan (WARISAN),P.009 Alor Setar,0.48
Parti Warisan (WARISAN),P.010 Kuala Kedah,0.25
Parti Warisan (WARISAN),P.014 Merbok,0.51
Parti Warisan (WARISAN),P.017 Padang Serai,0.16
Parti Warisan (WARISAN),P.019 Tumpat,0.23
Parti Warisan (WARISAN),P.042 Tasek Gelugor,0.27
Parti Warisan (WARISAN),P.046 Batu Kawan,0.65
Parti Warisan (WARISAN),P.050 Jelutong,0.63
Parti Warisan (WARISAN),P.052 Bayan Baru,0.49
Parti Warisan (WARISAN),P.070 Kampar,1.1
Parti Warisan (WARISAN),P.071 Gopeng,0.61
Parti Warisan (WARISAN),P.072 Tapah,0.45
Parti Warisan (WARISAN),P.074 Lumut,0.5
Parti Warisan (WARISAN),P.099 Ampang,1.36
Parti Warisan (WARISAN),P.100 Pandan,2.87
Parti Warisan (WARISAN),P.101 Hulu Langat,0.27
Parti Warisan (WARISAN),P.109 Kapar,0.17
Parti Warisan (WARISAN),P.110 Klang,0.7
Parti Warisan (WARISAN),P.114 Kepong,0.73
Parti Warisan (WARISAN),P.115 Batu,0.66
Parti Warisan (WARISAN),P.116 Wangsa Maju,0.62
Parti Warisan (WARISAN),P.129 Kuala Pilah,0.68
Parti Warisan (WARISAN),P.141 Sekijang,0.7
Parti Warisan (WARISAN),P.166 Labuan,25.7
Parti Warisan (WARISAN),P.167 Kudat,20.89
Parti Warisan (WARISAN),P.168 Kota Marudu,10.65
Parti Warisan (WARISAN),P.169 Kota Belud,46.54
Parti Warisan (WARISAN),P.170 Tuaran,9.84
Parti Warisan (WARISAN),P.171 Sepanggar,26.45
Parti Warisan (WARISAN),P.172 Kota Kinabalu,17.17
Parti Warisan (WARISAN),P.173 Putatan,20.63
Parti Warisan (WARISAN),P.174 Penampang,28.89
Parti Warisan (WARISAN),P.175 Papar,23.89
Parti Warisan (WARISAN),P.176 Kimanis,32.08
Parti Warisan (WARISAN),P.177 Beaufort,7.35
Parti Warisan (WARISAN),P.178 Sipitang,33.61
Parti Warisan (WARISAN),P.179 Ranau,6.28
Parti Warisan (WARISAN),P.180 Keningau,12.79
Parti Warisan (WARISAN),P.181 Tenom,3.46
Parti Warisan (WARISAN),P.182 Pensiangan,4.07
Parti Warisan (WARISAN),P.183 Beluran,12.64
Parti Warisan (WARISAN),P.184 Libaran,20.63
Parti Warisan (WARISAN),P.185 Batu Sapi,26.7
Parti Warisan (WARISAN),P.186 Sandakan,18.25
Parti Warisan (WARISAN),P.187 Kinabatangan,42.62
Parti Warisan (WARISAN),P.188 Lahad Datu,46.64
Parti Warisan (WARISAN),P.189 Semporna,73.77
Parti Warisan (WARISAN),P.190 Tawau,22.22
Parti Warisan (WARISAN),P.191 Kalabakan,29.49
Perikatan Nasional (PN),P.001 Padang Besar,53.58
Perikatan Nasional (PN),P.002 Kangar,43.7
Perikatan Nasional (PN),P.003 Arau,67.23
Perikatan Nasional (PN),P.004 Langkawi,53.63
Perikatan Nasional (PN),P.005 Jerlun,60.69
Perikatan Nasional (PN),P.006 Kubang Pasu,57.05
Perikatan Nasional (PN),P.007 Padang Terap,58.03
Perikatan Nasional (PN),P.008 Pokok Sena,59.44
Perikatan Nasional (PN),P.009 Alor Setar,48.69
Perikatan Nasional (PN),P.010 Kuala Kedah,56.03
Perikatan Nasional (PN),P.011 Pendang,64.83
Perikatan Nasional (PN),P.012 Jerai,60.1
Perikatan Nasional (PN),P.013 Sik,67.64
Perikatan Nasional (PN),P.014 Merbok,51.27
Perikatan Nasional (PN),P.015 Sungai Petani,38.05
Perikatan Nasional (PN),P.016 Baling,59.13
Perikatan Nasional (PN),P.017 Padang Serai,56.49
Perikatan Nasional (PN),P.018 Kulim-Bandar Baharu,49.0
Perikatan Nasional (PN),P.041 Kepala Batas,41.27
Perikatan Nasional (PN),P.042 Tasek Gelugor,46.36
Perikatan Nasional (PN),P.043 Bagan,8.96
Perikatan Nasional (PN),P.044 Permatang Pauh,43.04
Perikatan Nasional (PN),P.045 Bukit Mertajam,15.14
Perikatan Nasional (PN),P.046 Batu Kawan,15.03
Perikatan Nasional (PN),P.047 Nibong Tebal,32.65
Perikatan Nasional (PN),P.048 Bukit Bendera,10.79
Perikatan Nasional (PN),P.049 Tanjong,6.64
Perikatan Nasional (PN),P.050 Jelutong,16.64
Perikatan Nasional (PN),P.051 Bukit Gelugor,9.4
Perikatan Nasional (PN),P.052 Bayan Baru,22.64
Perikatan Nasional (PN),P.053 Balik Pulau,35.96
Perikatan Nasional (PN),P.054 Gerik,43.64
Perikatan Nasional (PN),P.055 Lenggong,42.3
Perikatan Nasional (PN),P.056 Larut,54.65
Perikatan Nasional (PN),P.057 Parit Buntar,43.9
Perikatan Nasional (PN),P.058 Bagan Serai,53.98
Perikatan Nasional (PN),P.059 Bukit Gantang,45.59
Perikatan Nasional (PN),P.060 Taiping,25.44
Perikatan Nasional (PN),P.061 Padang Rengas,43.28
Perikatan Nasional (PN),P.062 Sungai Siput,15.86
Perikatan Nasional (PN),P.063 Tambun,36.78
Perikatan Nasional (PN),P.064 Ipoh Timor,17.12
Perikatan Nasional (PN),P.065 Ipoh Barat,8.7
Perikatan Nasional (PN),P.066 Batu Gajah,9.56
Perikatan Nasional (PN),P.067 Kuala Kangsar,40.22
Perikatan Nasional (PN),P.068 Beruas,17.65
Perikatan Nasional (PN),P.069 Parit,45.76
Perikatan Nasional (PN),P.070 Kampar,20.42
Perikatan Nasional (PN),P.071 Gopeng,27.72
Perikatan Nasional (PN),P.072 Tapah,27.24
Perikatan Nasional (PN),P.073 Pasir Salak,43.66
Perikatan Nasional (PN),P.074 Lumut,35.43
Perikatan Nasional (PN),P.075 Bagan Datuk,21.08
Perikatan Nasional (PN),P.076 Teluk Intan,27.98
Perikatan Nasional (PN),P.077 Tanjong Malim,31.0
Perikatan Nasional (PN),P.078 Cameron Highlands,16.74
Perikatan Nasional (PN),P.079 Lipis,32.22
Perikatan Nasional (PN),P.080 Raub,30.69
Perikatan Nasional (PN),P.081 Jerantut,47.49
Perikatan Nasional (PN),P.082 Indera Mahkota,44.65
Perikatan Nasional (PN),P.083 Kuantan,37.65
Perikatan Nasional (PN),P.084 Paya Besar,41.27
Perikatan Nasional (PN),P.085 Pekan,41.35
Perikatan Nasional (PN),P.086 Maran,47.7
Perikatan Nasional (PN),P.087 Kuala Krau,47.13
Perikatan Nasional (PN),P.088 Temerloh,37.43
Perikatan Nasional (PN),P.089 Bentong,24.35
Perikatan Nasional (PN),P.090 Bera,21.36
Perikatan Nasional (PN),P.091 Rompin,47.2
Perikatan Nasional (PN),P.092 Sabak Bernam,43.86
Perikatan Nasional (PN),P.093 Sungai Besar,38.75
Perikatan Nasional (PN),P.094 Hulu Selangor,38.24
Perikatan Nasional (PN),P.095 Tanjong Karang,35.26
Perikatan Nasional (PN),P.096 Kuala Selangor,27.33
Perikatan Nasional (PN),P.097 Selayang,33.93
Perikatan Nasional (PN),P.098 Gombak,35.99
Perikatan Nasional (PN),P.099 Ampang,25.92
Perikatan Nasional (PN),P.100 Pandan,22.23
Perikatan Nasional (PN),P.101 Hulu Langat,31.79
Perikatan Nasional (PN),P.102 Bangi,29.42
Perikatan Nasional (PN),P.103 Puchong,15.1
Perikatan Nasional (PN),P.104 Subang,13.03
Perikatan Nasional (PN),P.105 Petaling Jaya,22.44
Perikatan Nasional (PN),P.106 Damansara,10.44
Perikatan Nasional (PN),P.107 Sungai Buloh,22.42
Perikatan Nasional (PN),P.108 Shah Alam,31.9
Perikatan Nasional (PN),P.109 Kapar,41.61
Perikatan Nasional (PN),P.110 Klang,14.48
Perikatan Nasional (PN),P.111 Kota Raja,24.94
Perikatan Nasional (PN),P.112 Kuala Langat,42.68
Perikatan Nasional (PN),P.113 Sepang,34.3
Perikatan Nasional (PN),P.114 Kepong,3.86
Perikatan Nasional (PN),P.115 Batu,26.94
Perikatan Nasional (PN),P.116 Wangsa Maju,27.32
Perikatan Nasional (PN),P.117 Segambut,10.24
Perikatan Nasional (PN),P.118 Setiawangsa,29.79
Perikatan Nasional (PN),P.119 Titiwangsa,23.86
Perikatan Nasional (PN),P.120 Bukit Bintang,8.05
Perikatan Nasional (PN),P.121 Lembah Pantai,24.9
Perikatan Nasional (PN),P.122 Seputeh,6.91
Perikatan Nasional (PN),P.123 Cheras,8.15
Perikatan Nasional (PN),P.124 Bandar Tun Razak,36.18
Perikatan Nasional (PN),P.125 Putrajaya,43.67
Perikatan Nasional (PN),P.126 Jelebu,21.17
Perikatan Nasional (PN),P.127 Jempol,23.29
Perikatan Nasional (PN),P.128 Seremban,26.83
Perikatan Nasional (PN),P.129 Kuala Pilah,23.76
Perikatan Nasional (PN),P.130 Rasah,15.72
Perikatan Nasional (PN),P.131 Rembau,19.99
Perikatan Nasional (PN),P.132 Port Dickson,22.74
Perikatan Nasional (PN),P.133 Tampin,24.51
Perikatan Nasional (PN),P.134 Masjid Tanah,46.77
Perikatan Nasional (PN),P.135 Alor Gajah,23.58
Perikatan Nasional (PN),P.136 Tangga Batu,40.65
Perikatan Nasional (PN),P.137 Hang Tuah Jaya,24.92
Perikatan Nasional (PN),P.138 Kota Melaka,22.39
Perikatan Nasional (PN),P.139 Jasin,35.95
Perikatan Nasional (PN),P.140 Segamat,16.55
Perikatan Nasional (PN),P.141 Sekijang,24.07
Perikatan Nasional (PN),P.142 Labis,15.29
Perikatan Nasional (PN),P.143 Pagoh,45.94
Perikatan Nasional (PN),P.144 Ledang,27.76
Perikatan Nasional (PN),P.145 Bakri,23.55
Perikatan Nasional (PN),P.146 Muar,35.02
Perikatan Nasional (PN),P.147 Parit Sulong,37.68
Perikatan Nasional (PN),P.148 Ayer Hitam,25.34
Perikatan Nasional (PN),P.149 Sri Gading,30.16
Perikatan Nasional (PN),P.150 Batu Pahat,29.42
Perikatan Nasional (PN),P.151 Simpang Renggam,20.57
Perikatan Nasional (PN),P.152 Kluang,23.03
Perikatan Nasional (PN),P.153 Sembrong,16.29
Perikatan Nasional (PN),P.154 Mersing,44.91
Perikatan Nasional (PN),P.155 Tenggara,35.43
Perikatan Nasional (PN),P.156 Kota Tinggi,35.96
Perikatan Nasional (PN),P.157 Pengerang,39.98
Perikatan Nasional (PN),P.158 Tebrau,31.7
Perikatan Nasional (PN),P.159 Pasir Gudang,26.58
Perikatan Nasional (PN),P.160 Johor Bahru,23.39
Perikatan Nasional (PN),P.161 Pulai,17.63
Perikatan Nasional (PN),P.162 Iskandar Puteri,18.38
Perikatan Nasional (PN),P.163 Kulai,17.54
Perikatan Nasional (PN),P.164 Pontian,30.68
Perikatan Nasional (PN),P.165 Tanjung Piai,25.21
Perikatan Nasional (PN),P.166 Labuan,28.56
Perikatan Nasional (PN),P.183 Beluran,38.53
Perikatan Nasional (PN),P.201 Batang Lupar,18.74
Perikatan Nasional (PN),P.203 Lubok Antu,27.78
Perikatan Nasional (PN),P.205 Saratok,62.33
Perikatan Nasional (PN),P.217 Bintulu,8.03
